{
  "project_info": {
    "project_number": "998654561193",
    "project_id": "travelapp-f61ae",
    "storage_bucket": "travelapp-f61ae.appspot.com"
  },
  "client": [
    {
      "client_info": {
        "mobilesdk_app_id": "1:998654561193:android:43d5ef7488f5adafe392b8",
        "android_client_info": {
          "package_name": "com.example.travel_app"
        }
      },
      "oauth_client": [],
      "api_key": [
        {
          "current_key": "AIzaSyCmn3Tu7RjHEGOAq7blxKOstg06-tVLtCQ"
        }
      ],
      "services": {
        "appinvite_service": {
          "other_platform_oauth_client": []
        }
      }
    }
  ],
  "configuration_version": "1"
}